{
	"type": "minecraft:fishing",
	"pools": [{
			"rolls": 1.0,
			"entries": [{
					"type": "minecraft:item",
					"name": "minecraft:diamond_block"
				}, {
					"type": "minecraft:item",
					"name": "minecraft:emerald_block"
				}, {
					"type": "minecraft:item",
					"name": "minecraft:enchanted_golden_apple"
				}, {
					"type": "minecraft:item",
					"functions": [{
							"function": "minecraft:set_damage",
							"damage": {
								"min": 0.25,
								"max": 0.75
							}
						}, {
							"function": "minecraft:enchant_with_levels",
							"levels": 30,
							"treasure": true
						}
					],
					"name": "minecraft:bow"
				}, {
					"type": "minecraft:item",
					"functions": [{
							"function": "minecraft:set_damage",
							"damage": {
								"min": 0.25,
								"max": 0.75
							}
						}, {
							"function": "minecraft:enchant_with_levels",
							"levels": 60,
							"treasure": true
						}
					],
					"name": "minecraft:book"
				}, {
					"type": "minecraft:item",
					"functions": [{
							"function": "minecraft:enchant_with_levels",
							"levels": 60,
							"treasure": true
						}
					],
					"name": "minecraft:book"
				}
			]
		}
	]
}
