{
	"type": "minecraft:fishing",
	"pools": [{
			"rolls": 1.0,
			"entries": [{
					"type": "minecraft:item",
					"name": "minecraft:beacon"
				}, {
					"type": "minecraft:item",
					"name": "minecraft:heart_of_the_sea"
				}, {
					"type": "minecraft:item",
					"name": "minecraft:enchanted_golden_apple"
				}, {
					"type": "minecraft:item",
					"name": "minecraft:totem_of_undying"
				}, {
					"type": "minecraft:item",
					"name": "minecraft:elytra"
				}, {
					"type": "minecraft:item",
					"name": "minecraft:trident"
				}, {
					"type": "minecraft:item",
					"name": "minecraft:shulker_box"
				}, {
					"type": "minecraft:item",
					"functions": [{
							"function": "minecraft:enchant_with_levels",
							"levels": 60,
							"treasure": true
						}
					],
					"name": "minecraft:book"
				}
			]
		}
	]
}
